{"train_runtime":70.1646,"total_flos":1.126453782528e+13,"train_samples_per_second":0.214,"_step":0,"_wandb":{"runtime":67},"train_loss":13.145833333333334,"_runtime":67,"train/epoch":3,"train/global_step":3,"_timestamp":1.757888691758686e+09,"train_steps_per_second":0.043}